site,landuse,pair_id,acalypha_unknown,achyranthes_aspera,aerva_lanata,amaranthus_graecizans,amaranthus_unknown,anagallis_arvensis,asparagus_unknown,aspidoglossum_angustissimum,aspilia_unknown,balanites_unknown,barleria_unknown,bidens_pilosa,cassia_unknown,chenopodium_unknown,commelina_unknown,craterostigma_unknown,crotalaria_deflersii,croton_unknown,cucumis_unknown,cyathula_orthacantha,cyphostemma_serpens,datura_stramonium,emilia_unknown,galinsoga_parviflora,helichrysum_glumaceum,hirpicium_unknown,hypoestes_verticillaris,ipomoea_sinensis,justicia_unknown,leucas_unknown,lilium_unknown,lippia_unknown,lippia_javanica,melhania_velutina,misopates_orontium,mollugo_unknown,monechma_unknown,monsonia_angustifolia,ocimum_unknown,osteospermum_unknown,osteospermum_vaillantii,oxalis_corniculata,pavonia_unknown,polygala_unknown,polygonum_senegalense,psilotrichum_ellioti,pupalia_lappacea,rhus_natalensis,rhynchosia_unknown,schkuhria_unknown,senecio_stuhlmannii,solanum_incanum,solanum_indicum,sphaeranthus_suaveolens,tagetes_minuta,tinnea_aethiopica,tribulus_terrestris,aristida_congesta,aristida_kenyensis,bothriochloa_insculpta,brachiaria_eruciformis,brachiaria_lachnantha,brachiaria_leersioides,cenchrus_ciliaris,chloris_roxburghiana,chloris_unknown,chloris_virgata,cymbopogon_pospischilii,cynodon_dactylon,cynodon_plectostachyus,dactyloctenium_unknown,dinebra_unknown,digitaria_unknown,enneapogon_schimperanus,enneapogon_macrostachyus,eragrostis_papposa,eragrostis_racemosa,eragrostis_rigidior,eragrostis_superba,eragrostis_tenuiflora,harpachne_schimperi,heteropogon_unknown,hordeum_vulgare,lintonia_nutans,microchloa_kunthii,pennisetum_purpureum,oxygonum_sinuatum,panicum_maximum,pennisetum_mezianum,pennisetum_stramineum,pentanisia_ouranogyne,rhynchelytrum_repens,setaria_incrassata,setaria_sphacilata,sporobolus_africanus,sporobolus_festivus,sporobolus_kenyensis,sporobolus_pyramidalis,themeda_triandra,tragus_berteronianus,cyperus_unknown,schkuhria_pinnata,abutilon_mauritianum,acacia_brevispica,cadaba_farinosa,capparis_tomentosa,carissa_edulis,clausena_anisata,combretum_unknown,dyschoriste_radicans,grewia_unknown,gutenbergia_cordifolia,hibiscus_unknown,indigofera_unknown,jasminium_unknown,lycium_europaeum,phyllanthus_unknown,plectranthus_unknown,pollichia_campestris,psiadia_punctulata,pyrostria_phyllanthoidea,rhamnus_staddo,schoenoplectus_unknown,scutia_myrtina,waltheria_unknown,aloe_vera,euphorbia_unknown,kalanchoe_unknown,kleinia_unknown,portulaca_unknown,sansevieria_unknown,acacia_drepanolobium,acacia_etbaica,acacia_gerradii,acacia_mellifera,acacia_nilotica,acacia_seyal,acacia_tortilis,acacia_xanthophloea,boscia_unknown,commiphora_unknown,cordia_monoica,eucalyptus_unknown,euclea_unknown,ficus_unknown,maytenus_unknown,sesbania_sesban,teclea_unknown,longitude,latitude,annual_rainfall,frac_veg,erosion,root_dep_res_50cm,soil_org_carb,pH,sand,soil_pc1,soil_pc2
KLEE S-0,Fenced,42,0,0,7,0,0,0,0,0,1,0,0,0,0,0,0,0,0,0,0,0,0,0,0,0,49,0,0,0,0,0,0,0,1,0,0,1,7,0,0,0,0,0,1,0,0,0,0,1,0,0,0,0,0,0,0,0,0,0,0,13,6,169,0,0,0,0,0,0,0,0,0,1,0,0,0,0,0,0,0,0,0,0,0,8,0,0,0,0,24,92,0,0,4,0,0,0,0,0,33,0,2,0,0,0,0,0,0,0,0,0,0,0,2,1,0,1,1,1,0,0,0,0,0,0,0,0,0,0,0,1,0,5,0,0,1,0,0,0,0,2,0,0,0,0,0,0,0,1,36.86761,0.28147,585.40466,0.5599,0.458,0.438,24.31797,6.32365,17.55234,-0.81549,0.41799
KLEE S-MWC,Conserved,42,2,0,6,0,0,0,0,0,4,0,0,0,0,0,0,0,0,0,0,0,0,0,0,0,11,0,0,0,0,0,0,0,0,0,0,6,2,1,0,0,0,0,0,1,0,0,0,0,1,0,0,0,0,0,0,0,0,0,0,90,14,79,0,0,0,0,0,0,0,3,0,3,0,0,0,0,0,0,0,8,0,0,0,15,0,0,1,0,18,35,0,0,0,0,0,4,0,0,87,4,2,0,0,0,0,0,0,0,0,10,0,0,1,0,0,0,0,0,0,0,0,0,0,0,0,0,0,0,0,0,0,0,0,0,0,0,0,0,0,0,0,0,0,0,0,0,0,0,36.865,0.2782,587.96124,0.4464,0.474,0.396,15.26557,6.03969,24.64603,-0.23612,-0.22697
KLEE C-0,Fenced,41,0,0,4,0,0,2,0,0,3,0,0,0,0,0,4,0,0,0,0,0,0,0,0,0,57,0,0,0,0,0,0,0,0,0,0,0,2,0,0,1,0,0,0,1,0,0,0,0,15,0,0,0,0,0,0,0,0,0,0,6,10,171,0,0,0,0,0,0,0,0,0,1,0,0,0,0,0,0,0,0,0,0,0,2,0,0,0,0,23,94,0,0,0,2,0,0,0,0,23,0,1,0,0,0,0,0,0,0,0,1,0,0,2,5,0,0,0,0,0,0,0,0,0,0,0,0,0,0,0,0,0,3,0,0,1,0,0,0,0,0,0,0,0,0,0,0,0,0,36.86652,0.28373,586.97681,0.55065,0.34,0.532,24.93781,6.19895,19.8927,-1.18395,0.88257
KLEE C-MWC,Conserved,41,0,0,1,0,0,0,0,0,4,0,0,0,0,0,0,0,0,0,0,0,0,0,0,0,6,0,0,0,0,0,0,0,0,0,0,0,1,0,0,0,0,0,1,1,0,0,0,0,2,0,0,0,0,0,0,0,0,0,0,16,14,100,0,0,0,0,0,0,0,0,0,10,0,0,0,0,0,0,0,3,0,0,0,21,1,0,0,0,22,58,0,0,0,0,0,0,0,0,135,0,1,0,0,0,0,0,0,0,0,2,0,0,0,1,0,0,4,0,0,0,0,0,0,0,0,0,0,0,0,0,0,2,0,0,0,0,0,0,0,0,0,0,0,0,0,0,0,0,36.86421,0.28479,586.97681,0.47216,0.242,0.412,15.38527,6.19379,20.4128,-0.8818,-0.46962
KLEE N-0,Fenced,40,0,0,10,0,0,0,0,0,7,0,0,0,0,0,1,0,0,0,0,0,0,0,0,0,87,0,0,0,0,0,0,0,3,0,0,0,6,0,0,0,0,0,0,1,0,0,0,0,14,0,0,0,0,0,0,0,0,0,0,2,0,161,0,1,0,0,0,0,0,0,0,5,1,0,0,0,0,0,0,0,0,0,0,2,0,0,1,0,30,104,0,0,0,0,2,0,0,0,26,0,0,0,0,0,8,0,0,0,0,2,0,0,0,2,0,0,1,1,0,0,0,0,0,0,0,0,1,0,0,0,0,3,0,0,0,0,0,0,0,0,0,0,0,0,0,0,0,0,36.86565,0.2898,582.34723,0.57266,0.344,0.614,20.81266,6.09272,18.78538,-1.13007,1.31687
KLEE N-MWC,Conserved,40,1,0,3,0,0,2,0,0,3,0,0,0,0,0,4,0,0,0,0,0,0,0,0,0,9,0,0,0,0,0,1,0,0,0,0,0,5,1,0,0,0,0,0,9,0,0,0,0,7,0,0,0,1,0,1,0,0,1,0,24,21,74,0,0,0,0,0,0,0,0,0,8,0,0,0,1,0,1,0,0,0,0,0,42,0,0,0,0,44,67,2,0,0,0,0,0,0,0,117,0,0,0,0,0,0,0,0,0,0,2,0,0,0,1,0,0,1,0,0,0,0,0,0,0,1,0,2,0,0,2,0,2,0,0,0,0,0,0,0,0,0,0,0,0,0,0,0,0,36.86396,0.293,577.72754,0.51316,0.232,0.444,14.37271,6.22652,22.74499,-0.63489,-0.31526
S3 LMH,Fenced,39,0,0,0,0,0,0,0,0,0,0,3,0,0,0,1,0,0,1,0,4,1,0,0,0,0,0,0,2,0,2,1,0,0,0,0,0,3,0,0,0,0,0,6,1,0,0,3,1,0,0,0,3,1,0,0,0,0,0,3,1,0,0,0,1,0,0,0,1,30,47,0,0,0,0,17,0,0,0,0,3,1,0,0,0,2,0,0,5,27,29,2,0,0,1,0,0,0,0,13,2,2,0,0,1,0,0,0,0,0,0,2,1,5,8,0,0,0,16,0,0,0,0,0,0,0,0,4,0,0,3,0,0,1,1,1,0,0,0,0,0,0,0,0,0,0,0,0,0,36.89176,0.28722,570.89288,0.59814,0.442,0.35,23.5257,6.2999,14.69809,-1.06116,-0.23254
S3 CONTROL,Conserved,39,0,0,0,0,0,0,0,0,0,0,0,0,0,0,3,0,0,0,0,0,0,0,0,0,0,0,0,1,0,0,0,0,0,0,0,0,0,0,0,1,0,0,0,0,0,0,0,0,0,0,0,1,0,0,0,0,0,1,7,13,0,0,2,0,0,0,0,4,32,12,1,0,0,0,0,0,0,0,0,10,2,5,0,0,2,0,0,0,18,27,0,0,0,0,0,1,0,0,8,7,1,0,0,3,0,0,0,0,0,0,0,5,1,8,1,0,2,4,0,0,0,0,0,0,0,0,14,0,0,4,0,0,0,0,2,0,0,0,0,0,0,0,0,0,0,0,0,0,36.89259,0.28701,570.89288,0.4364,0.466,0.554,15.95818,6.37913,23.72224,0.2391,0.89488
S2 LMH,Fenced,38,0,1,0,0,0,0,0,0,0,0,6,0,0,0,7,0,0,7,0,0,0,0,0,0,0,1,0,0,1,1,1,0,0,0,0,0,0,0,3,1,0,0,4,0,0,0,2,0,0,0,0,0,0,0,0,0,0,4,0,2,0,0,0,1,0,0,0,10,18,26,0,0,0,0,11,0,0,0,0,4,12,1,0,0,16,0,0,3,0,8,2,0,0,0,0,7,0,0,5,1,2,0,0,1,0,0,0,0,0,0,0,2,2,7,0,0,0,0,0,0,0,0,0,0,0,0,12,0,0,0,0,0,4,0,0,1,0,0,0,1,0,0,0,0,0,0,0,0,36.8938,0.28271,576.38574,0.54913,0.334,0.452,18.97416,5.83632,14.21495,-1.80161,0.13191
S2 CONTROL,Conserved,38,0,0,0,0,0,0,0,0,0,0,6,0,0,0,3,0,0,0,0,1,0,0,0,0,0,0,0,5,0,0,0,0,0,0,0,0,0,0,0,0,0,0,0,0,0,0,0,0,0,0,0,3,0,0,0,0,0,0,0,0,0,0,0,0,0,0,0,0,5,28,0,0,0,0,0,0,0,0,0,7,0,0,0,0,1,0,1,0,0,4,0,0,0,0,0,0,0,0,1,0,0,0,0,0,0,0,0,0,0,0,0,1,0,4,0,0,0,0,4,0,0,0,0,0,0,0,0,1,0,5,0,0,3,0,0,0,0,0,0,2,0,0,0,0,0,0,0,0,36.8944,0.28387,576.38574,0.47789,0.252,0.306,14.9727,6.09078,20.10221,-1.05228,-1.20562
S1 LMH,Fenced,37,0,1,0,0,0,0,0,0,0,0,2,0,0,2,11,3,0,0,0,23,0,0,0,0,0,0,0,10,4,0,7,0,2,0,0,0,0,0,1,0,0,0,7,0,0,0,1,0,0,0,0,4,0,0,0,0,2,0,0,0,0,0,0,0,0,0,0,0,0,60,0,0,0,0,0,0,0,0,0,3,0,0,0,0,14,0,1,0,0,52,2,0,0,0,3,0,0,0,7,1,1,0,0,0,0,0,0,0,0,0,0,3,2,11,0,0,1,0,19,0,0,0,0,0,0,0,1,0,1,11,0,2,4,0,3,0,0,0,0,0,0,0,0,0,0,0,0,0,36.89497,0.28144,576.38574,0.55265,0.508,0.55,23.85237,6.15249,17.54719,-0.88435,1.26407
S1 CONTROL,Conserved,37,0,0,0,0,0,0,0,0,0,0,0,0,0,0,11,1,0,8,0,3,0,0,0,0,0,0,0,7,2,0,0,0,0,2,0,0,0,0,2,0,0,0,3,0,0,0,0,0,0,0,0,0,0,0,0,0,0,2,3,0,0,0,1,3,0,0,0,20,21,14,0,0,1,0,11,0,0,0,3,4,1,0,0,0,7,0,0,1,0,17,3,0,0,0,0,0,0,0,12,2,4,0,0,3,0,0,0,0,0,0,2,10,5,3,0,0,1,0,0,0,0,0,0,0,0,0,0,0,0,6,0,0,2,0,0,0,0,0,0,0,0,0,0,0,0,0,0,0,36.8943,0.28039,581.84113,0.5049,0.41,0.26,22.94858,6.08649,16.63115,-1.36106,-0.94866
KIMU 1,Agriculture,36,0,0,0,4,0,0,0,0,0,0,0,0,2,2,4,0,0,0,0,3,1,0,1,4,0,0,0,5,1,0,0,0,3,0,0,0,0,0,0,0,0,0,0,2,0,0,0,0,0,0,0,1,0,0,6,0,1,0,10,1,0,0,1,0,0,0,0,0,1,3,18,0,2,0,0,0,0,0,2,7,0,0,0,0,0,0,3,3,0,6,0,4,0,4,0,0,0,0,0,23,3,18,0,0,0,0,0,0,0,0,0,0,0,3,1,0,0,0,0,0,0,0,0,0,0,0,0,0,0,0,0,0,0,0,0,0,0,0,0,0,0,0,0,0,0,0,0,0,37.01676,0.18034,639.32123,0.44761,0.392,0.216,15.82264,5.7226,12.87541,-1.80657,-1.52343
LODOTO 1,Conserved,36,0,5,0,1,0,0,12,0,0,0,2,2,0,0,7,0,0,1,0,4,0,0,0,0,0,0,0,1,5,12,2,0,3,0,0,0,9,0,0,0,0,0,3,0,0,0,0,2,0,0,1,1,0,0,0,2,0,0,4,2,0,0,0,0,0,0,0,7,3,44,4,0,2,1,0,0,0,0,0,18,3,0,0,0,22,0,0,0,1,58,0,0,0,0,9,0,0,0,10,29,11,3,0,1,0,0,0,1,0,0,18,0,1,4,0,0,1,0,0,1,0,0,0,2,0,1,0,1,0,1,0,4,0,0,0,0,0,0,0,1,0,0,0,2,0,3,0,0,37.01594,0.1788,639.32123,0.43188,0.734,0.602,11.06377,6.13882,21.00344,0.71821,1.51458
KIMU 2,Agriculture,35,0,4,0,27,0,0,1,0,0,0,0,13,0,2,8,0,0,0,1,0,0,1,2,43,0,0,0,3,0,0,0,0,0,0,0,0,0,0,0,0,0,2,2,0,0,0,0,0,1,0,0,0,0,0,6,0,1,0,2,3,0,1,0,0,0,0,0,0,4,28,3,0,7,0,0,0,3,0,0,0,0,0,0,0,0,0,4,8,0,3,0,0,0,24,0,0,0,0,7,0,17,3,0,0,0,0,0,0,0,1,0,0,0,0,0,0,0,0,0,0,0,0,0,0,0,0,0,0,0,1,0,0,0,0,0,0,0,0,0,0,0,0,0,0,0,0,0,0,37.01549,0.18092,639.32123,0.43734,0.514,0.37,16.67379,6.58923,15.99507,0.09945,-0.22932
LODOTO 2,Conserved,35,0,0,1,1,0,0,4,0,0,0,11,0,0,7,4,1,0,0,0,3,0,0,0,0,0,0,0,1,0,5,1,0,0,0,0,0,8,0,0,0,0,0,4,0,0,0,5,2,0,0,0,0,1,0,0,0,2,0,1,0,0,0,0,0,0,0,0,5,0,46,6,0,7,0,0,0,4,0,0,23,0,0,0,0,3,0,1,0,0,57,0,0,0,2,2,0,0,0,0,18,7,1,0,3,0,0,0,0,0,0,4,0,2,3,1,0,1,1,1,1,0,1,0,3,0,0,0,0,0,6,0,20,0,0,0,0,0,0,0,0,0,0,0,2,0,0,0,0,37.01319,0.17946,639.47034,0.47038,0.508,0.362,16.32192,6.45164,22.95275,0.32487,-0.35459
C3 LMH,Fenced,34,0,1,0,0,0,0,0,0,0,0,1,0,0,0,5,0,0,3,2,0,0,0,0,0,0,0,0,2,0,0,0,0,0,0,0,0,0,0,0,0,0,0,1,0,0,0,1,0,0,0,0,2,0,0,0,0,0,1,0,0,0,0,3,1,0,0,1,1,18,7,0,7,0,0,4,0,0,0,0,0,0,0,0,0,0,0,0,0,0,19,0,0,0,0,0,0,0,0,0,0,0,0,0,1,0,0,0,0,0,0,0,1,1,3,0,0,0,23,0,0,0,0,0,0,0,0,3,1,2,1,2,0,7,0,0,0,0,0,0,0,0,0,0,0,0,0,0,0,36.91363,0.40369,483.1037,0.52411,0.522,0.2,15.40093,5.98846,14.25831,-0.92881,-1.44042
C3 CONTROL,Conserved,34,0,0,0,0,0,0,0,0,0,0,3,0,0,0,0,0,0,2,0,0,0,0,1,0,0,0,0,0,0,0,0,0,0,0,0,0,0,0,1,0,0,0,0,0,0,0,0,0,0,0,0,0,0,0,0,0,0,0,10,0,0,0,3,1,0,0,0,1,18,3,1,0,0,0,1,0,0,2,0,5,1,0,0,0,0,0,1,1,0,4,0,0,0,0,0,0,0,0,0,6,0,0,0,1,0,0,0,0,0,0,0,0,0,2,0,0,0,1,0,0,0,0,0,0,0,0,0,0,0,1,0,0,2,0,2,0,0,0,0,0,0,0,0,0,0,0,0,0,36.91343,0.40458,483.1037,0.34363,0.484,0.566,12.89821,6.47979,22.55832,0.5647,0.9053
C2 LMH,Fenced,33,0,0,0,0,0,0,0,0,0,0,5,0,0,0,4,0,0,1,0,0,0,0,0,0,0,0,0,1,0,0,0,0,1,0,0,0,1,0,2,0,0,0,0,1,0,0,0,0,0,0,0,1,0,0,0,0,0,4,5,0,0,0,1,0,1,0,1,0,26,5,0,1,0,0,15,0,0,0,0,5,0,0,0,0,0,0,0,3,0,11,0,0,0,0,1,0,0,0,0,0,0,0,0,0,0,0,0,0,0,0,0,0,0,6,0,0,0,19,0,0,0,0,0,0,0,0,1,0,0,2,1,0,4,0,2,0,0,0,0,0,0,0,0,0,0,0,0,0,36.909,0.40462,485.71863,0.40036,0.592,0.37,9.3995,6.21691,24.82093,0.721,-0.42507
C2 CONTROL,Conserved,33,0,0,0,0,0,0,0,0,0,0,0,0,0,0,0,0,0,0,0,0,0,0,0,0,0,0,0,0,0,0,0,0,0,0,0,0,0,0,0,0,0,0,0,0,0,0,0,0,0,0,0,0,0,0,0,0,0,0,2,0,0,0,0,0,0,0,0,0,4,3,0,0,0,0,0,0,0,0,0,1,0,0,0,0,4,0,0,0,0,0,0,0,0,0,0,0,0,0,0,1,0,0,0,1,0,0,0,0,0,0,0,0,0,0,0,0,0,0,0,0,0,0,0,0,0,0,0,0,1,0,1,0,3,0,0,0,0,0,0,0,0,0,0,0,0,0,0,0,36.90892,0.40332,485.71863,0.19937,0.616,0.388,7.68901,6.39431,36.10182,1.89409,-0.39467
C1 LMH,Fenced,32,0,0,0,0,0,0,2,0,0,0,7,0,0,0,3,0,0,0,0,0,0,0,0,0,0,0,0,1,0,0,0,0,0,0,0,0,3,0,1,0,0,0,1,1,0,0,0,0,0,0,0,3,0,0,0,0,0,0,2,0,0,0,0,0,0,0,0,0,23,18,1,1,1,0,22,0,0,0,0,0,0,0,0,0,1,0,0,1,3,29,0,0,0,0,0,0,0,0,9,0,1,0,0,0,0,0,0,0,0,0,0,1,3,3,0,0,0,18,0,0,0,0,0,0,0,0,2,0,0,0,0,0,2,0,2,0,0,0,0,0,0,0,0,0,0,0,0,0,36.91096,0.40163,485.71863,0.60538,0.508,0.512,15.02676,6.0964,14.61064,-0.6346,0.696
C1 CONT,Conserved,32,0,0,0,0,0,0,1,0,0,0,0,0,0,0,2,0,0,0,0,0,0,0,0,0,0,0,0,0,0,0,0,0,0,0,0,0,0,1,0,0,0,0,0,0,0,0,0,0,0,0,0,1,0,0,0,0,0,0,4,0,0,0,1,0,0,0,0,0,7,0,0,0,0,0,19,0,0,0,0,5,0,0,0,0,0,0,0,0,0,3,0,0,0,0,0,0,0,0,0,0,0,0,0,0,0,0,0,0,0,0,1,0,0,0,0,0,0,9,0,0,0,0,0,0,0,0,2,0,0,0,0,0,7,0,1,0,0,0,0,0,0,0,0,0,0,0,0,0,36.9102,0.40116,485.71863,0.30288,0.842,0.56,7.80987,6.4197,36.58544,2.62553,1.1832
N3 LMH,Fenced,31,0,1,0,0,0,0,0,0,0,0,5,0,0,0,4,0,0,2,0,2,0,0,1,0,0,0,0,2,2,0,0,0,0,0,0,0,1,0,0,0,0,0,0,2,0,0,3,0,0,0,0,1,0,0,0,0,0,0,3,0,0,0,7,3,2,0,0,0,7,11,0,0,0,0,4,0,0,0,0,2,0,0,0,0,2,0,0,0,0,12,0,0,0,0,0,0,0,0,0,2,2,0,0,1,0,0,0,0,0,0,0,5,1,8,0,0,0,0,0,0,0,0,0,0,0,0,3,0,1,0,0,0,1,0,0,0,0,1,0,0,0,0,0,0,0,0,0,0,36.86904,0.48015,468.46335,0.43536,0.732,0.534,10.27696,6.52837,24.53294,1.57885,0.98814
N3 CONTROL,Conserved,31,0,1,0,0,0,0,0,0,0,0,5,0,0,0,1,0,0,0,0,0,0,0,0,0,0,0,0,0,0,0,0,0,0,0,0,0,0,0,0,0,0,0,1,0,0,0,0,0,0,0,0,0,0,0,0,0,0,0,2,0,0,0,5,0,0,0,0,0,4,11,0,0,0,0,3,0,1,0,0,7,0,0,0,0,6,0,0,0,0,8,0,0,0,0,0,0,0,0,0,10,0,0,0,0,0,0,0,0,0,0,0,2,2,0,0,0,0,0,0,0,0,0,0,0,0,0,2,0,0,0,1,0,0,0,1,0,0,0,0,0,0,0,0,0,0,0,0,0,36.86888,0.47927,470.88974,0.29961,0.616,0.644,10.60229,6.49997,28.44374,1.4923,1.54724
N2 LMH,Fenced,30,0,1,0,1,0,0,0,0,0,0,8,0,0,0,18,0,0,1,0,1,0,0,0,0,0,0,0,1,1,6,0,0,0,0,0,0,0,0,3,0,0,0,2,0,0,0,0,0,0,0,0,0,0,0,0,0,0,0,24,2,0,0,25,0,0,0,3,0,16,6,0,0,0,0,0,0,0,0,0,20,0,0,0,0,9,0,0,0,0,11,0,0,0,0,5,0,0,0,0,9,3,0,0,0,0,0,0,0,0,0,1,17,1,10,0,0,1,1,0,0,0,0,0,0,0,0,13,0,0,1,0,0,0,0,0,0,0,1,0,0,0,0,0,0,0,0,4,0,36.87359,0.48099,466.55252,0.61987,0.63,0.344,17.67514,5.95776,15.146,-0.71832,-0.17928
N2 CONTROL,Conserved,30,0,0,0,0,0,0,0,0,0,0,2,0,0,0,1,0,0,0,0,1,0,0,0,0,0,0,0,1,0,0,0,0,0,0,0,0,0,0,0,0,0,0,4,0,0,0,0,0,0,0,0,1,0,0,0,0,4,0,1,0,0,0,2,0,1,0,0,0,1,28,0,0,0,0,0,0,0,0,0,3,0,0,0,0,1,0,0,0,0,18,0,0,0,0,4,0,0,0,0,13,8,0,0,0,0,0,0,0,0,0,1,1,1,2,0,0,0,0,0,0,0,0,0,0,0,0,2,0,0,0,0,0,0,0,0,0,0,0,0,0,0,0,0,0,0,0,3,0,36.87321,0.48219,466.55252,0.36011,0.71,0.462,13.03598,6.94672,29.54002,2.3074,0.5203
N1 LMH,Fenced,29,0,9,0,0,0,0,0,0,0,0,0,0,0,0,6,0,0,0,0,0,0,0,0,0,0,0,0,3,6,0,0,0,0,3,0,0,1,0,1,0,0,0,2,1,0,0,1,0,0,0,0,6,1,0,0,0,0,0,4,0,0,1,2,12,3,0,1,0,42,25,0,0,0,0,2,0,0,0,0,13,0,0,0,0,1,0,0,1,0,21,0,0,0,0,0,0,0,0,0,2,2,0,0,1,0,0,0,0,0,0,1,8,1,14,0,0,0,1,0,0,0,0,0,0,0,0,2,0,0,0,0,0,1,0,2,0,0,0,0,0,0,0,0,0,0,0,1,0,36.8722,0.47868,470.88974,0.56088,0.51,0.594,14.49615,6.02097,14.6668,-0.68291,1.2507
N1 CONTROL,Conserved,29,0,1,0,0,0,0,0,0,0,0,2,0,0,0,4,0,0,0,0,0,0,0,0,0,0,0,0,0,2,0,0,0,0,0,0,0,2,0,0,0,0,0,2,1,0,0,2,0,0,0,0,0,0,0,0,0,0,0,0,0,0,0,2,0,0,0,0,0,1,6,0,0,0,0,0,0,0,0,0,5,0,0,0,0,3,0,0,0,0,19,0,0,0,0,2,0,0,0,0,7,1,0,0,2,0,0,0,0,0,0,0,0,0,3,0,2,0,0,0,0,0,0,0,0,0,0,0,0,0,0,0,0,0,0,1,0,0,0,0,0,0,0,0,0,0,0,0,0,36.8722,0.47979,470.88974,0.2986,0.988,0.466,6.40248,6.80943,37.57126,3.74919,0.71672
N.TETU 2,Agriculture,28,0,0,0,8,0,0,0,0,0,0,0,0,0,0,0,0,0,0,0,0,4,0,0,0,0,0,0,0,0,0,0,0,0,0,0,0,0,0,0,0,0,0,0,0,0,0,0,0,0,0,0,0,0,0,0,0,3,0,0,0,0,0,0,0,0,0,0,0,0,0,0,0,0,0,0,0,0,0,0,0,0,0,0,0,0,0,0,0,0,0,0,0,0,0,0,0,0,0,0,0,7,0,0,0,0,0,68,0,0,0,2,0,0,0,0,0,0,0,0,0,0,0,0,0,0,0,0,0,0,0,0,0,0,0,0,0,0,0,0,0,0,0,0,0,0,0,0,0,36.90783,0.07953,688.37622,0.52564,0.376,0.462,16.21299,6.08573,22.16052,-0.61637,0.12067
OL PEJETA 7,Conserved,28,0,0,0,0,0,0,5,0,0,0,0,0,0,0,2,0,0,0,0,0,0,0,0,0,2,0,0,0,0,0,0,0,0,0,0,0,1,0,0,0,0,0,1,1,0,0,0,2,0,0,0,0,0,0,0,0,0,0,0,4,0,0,0,0,0,0,0,0,0,13,0,0,1,1,0,0,0,0,0,1,0,0,0,0,0,0,0,0,28,82,0,0,0,0,1,0,0,0,44,0,2,0,0,0,0,0,0,0,0,1,0,0,1,1,0,0,0,0,0,1,0,10,0,0,0,0,0,0,0,0,0,2,0,0,0,0,0,0,0,0,0,0,0,4,0,4,0,0,36.90778,0.07872,688.37622,0.54513,0.484,0.382,21.75586,6.12424,20.15844,-0.76151,-0.041
N.TETU 1,Agriculture,27,0,0,0,38,0,0,0,0,0,0,0,0,0,0,0,0,0,0,0,0,13,0,0,0,0,0,0,0,0,0,0,0,0,0,0,0,0,0,0,0,0,0,0,0,0,0,0,0,0,0,0,0,0,0,0,0,0,0,0,0,0,0,3,0,0,0,0,0,0,0,0,0,0,0,0,5,0,0,0,0,0,0,0,0,3,0,0,0,0,0,0,0,0,1,2,0,0,0,0,0,6,0,0,0,0,0,0,0,0,0,2,0,0,0,0,0,0,0,0,0,6,0,0,0,0,0,0,0,0,0,0,0,0,0,0,0,0,0,0,1,0,4,2,0,0,0,0,0,36.90345,0.08353,685.96881,0.65713,0.45,0.57,15.82293,5.91958,10.73491,-1.34391,1.05668
OL PEJETA 6,Conserved,27,0,0,2,0,0,0,3,0,0,0,0,0,0,0,7,0,1,0,0,0,2,0,0,0,0,0,0,0,1,0,1,0,0,0,0,0,5,0,0,0,0,0,1,0,0,3,0,0,0,0,0,0,0,0,0,0,0,0,0,0,0,0,0,0,0,0,0,0,0,24,0,0,0,0,0,3,0,0,0,1,1,0,0,0,0,1,0,0,25,76,23,0,0,0,2,0,0,1,51,0,21,0,0,0,0,0,0,0,0,4,1,0,0,1,0,0,23,2,0,1,0,2,0,1,0,0,0,0,0,1,1,0,0,0,0,0,0,0,0,0,0,2,0,8,2,0,0,0,36.90225,0.08189,685.96881,0.57064,0.364,0.422,20.15773,6.3956,19.1991,-0.59977,-0.01262
MARURA 2,Agriculture,26,0,0,0,1,0,0,0,3,0,0,0,29,0,0,7,0,0,0,0,0,0,0,0,3,0,0,0,0,0,0,0,0,0,0,0,0,0,0,0,0,0,0,0,0,8,0,0,0,0,0,0,0,0,0,0,0,0,0,0,0,0,0,0,0,0,0,0,0,0,18,0,0,0,0,0,0,0,0,0,0,0,0,0,0,0,1,0,0,0,0,0,0,0,26,0,0,0,0,0,0,7,0,0,0,0,0,0,0,0,0,0,0,0,0,0,0,0,0,0,0,0,0,0,0,0,0,0,0,0,1,0,0,0,0,0,0,0,0,0,0,0,0,0,0,0,0,0,0,36.92547,0.00084,724.99725,0.51439,0.582,0.544,18.26482,6.22996,16.13704,-0.31365,1.15176
OL PEJETA 4,Conserved,26,0,1,0,0,0,0,0,0,0,0,0,0,0,0,6,0,0,0,0,0,0,0,0,0,1,0,3,0,0,0,0,0,0,0,1,0,0,0,0,0,0,0,0,0,0,0,0,1,0,0,0,0,0,0,0,0,0,0,0,0,0,0,0,0,0,0,0,0,0,2,0,0,0,0,0,0,0,0,0,0,0,0,0,0,0,0,0,0,65,105,0,0,0,2,2,0,0,0,49,0,3,0,0,0,0,0,0,0,0,10,0,0,0,0,1,0,1,0,0,3,0,1,0,2,0,0,0,1,0,1,0,1,0,0,0,0,0,0,0,0,0,0,0,6,0,0,0,0,36.93835,0.00112,725.96637,0.62464,0.408,0.53,22.24343,6.11871,18.06553,-1.08165,0.89529
MARURA 1,Agriculture,25,0,0,0,0,0,0,0,1,0,0,0,8,0,0,12,0,0,0,0,0,0,0,0,5,0,0,0,0,0,0,0,0,0,0,0,0,0,0,0,0,0,0,0,0,20,0,0,0,0,0,0,0,0,1,0,0,0,0,0,0,0,0,0,0,0,0,0,0,0,7,0,0,0,0,0,0,0,0,0,0,0,0,0,0,0,6,0,9,0,0,0,0,0,65,0,0,0,0,0,0,2,0,0,0,0,0,0,0,0,0,0,0,0,0,0,0,0,0,0,0,0,0,0,0,0,0,0,0,0,1,0,0,0,0,0,0,0,0,0,0,0,0,0,0,0,0,0,0,36.93337,0.00173,725.51062,0.60365,0.528,0.186,12.83616,5.90912,11.7615,-1.04573,-1.60576
OL PEJETA 3,Conserved,25,0,0,0,0,0,0,5,0,0,0,0,0,0,0,4,0,0,0,0,0,0,0,0,0,8,0,8,0,0,0,0,0,0,0,2,0,3,0,0,0,0,0,0,0,0,0,0,0,0,0,0,0,0,0,0,0,0,0,0,0,0,0,2,0,0,0,0,0,0,5,0,0,0,0,0,0,1,0,0,0,0,0,0,0,0,0,0,0,41,89,0,0,0,6,4,0,0,0,48,0,2,0,0,0,0,1,0,0,0,16,1,0,0,0,1,0,0,2,0,1,0,3,0,1,0,0,0,0,0,1,0,0,0,0,0,0,0,0,0,0,0,0,0,12,0,0,0,0,36.93688,9.00E-04,725.96637,0.6354,0.236,0.426,26.93627,6.05401,14.46331,-2.1981,0.07746
IL MOTIOK 4,Agriculture,24,0,0,0,0,0,0,0,0,0,0,0,0,0,0,0,0,0,0,0,0,0,0,0,0,0,0,0,0,0,0,0,0,0,0,0,0,0,0,0,0,0,0,1,0,0,1,0,0,0,0,0,0,0,0,0,0,2,0,0,0,0,0,0,0,0,0,0,0,0,13,0,0,1,0,0,0,0,0,0,0,0,0,0,0,0,0,0,0,1,0,0,0,0,0,0,0,0,0,0,0,5,0,0,1,0,0,0,0,0,0,0,0,0,0,0,0,0,0,0,0,0,0,0,0,0,0,0,0,0,3,1,0,0,0,0,0,0,0,0,0,0,0,0,0,0,0,0,0,36.88851,0.48415,462.83395,0.50809,0.734,0.506,22.55967,6.27564,12.75039,-0.32587,1.31996
MPALA 8,Conserved,24,0,2,0,0,0,0,0,0,0,0,0,0,0,0,0,0,0,1,0,0,0,0,0,0,0,0,0,0,1,0,0,0,0,0,0,0,2,0,1,0,0,0,2,0,0,0,0,0,0,0,0,0,0,0,0,0,0,0,0,0,0,0,0,0,0,0,0,0,0,80,0,0,0,0,0,0,0,0,0,20,0,0,0,0,13,0,0,0,0,5,0,0,0,0,0,0,0,0,0,0,3,0,0,0,0,0,0,0,0,0,0,0,1,0,0,2,0,0,0,0,0,0,0,0,0,0,0,0,0,19,0,0,1,0,0,0,0,1,0,0,0,0,0,0,0,0,15,0,36.88792,0.48153,462.83395,0.23563,0.602,0.418,13.03681,5.98838,26.66188,0.29689,0.04523
MPALA 7,Conserved,23,0,1,0,0,0,0,0,0,0,0,4,0,0,0,2,0,0,0,0,0,0,0,0,0,0,0,0,1,0,0,0,0,0,0,0,0,0,0,0,0,0,0,0,0,0,0,0,0,0,0,0,0,0,0,0,0,0,0,0,0,0,0,1,0,0,0,0,0,3,27,0,0,0,0,0,0,0,0,0,14,0,0,0,0,2,0,0,0,0,0,0,0,0,0,0,0,0,0,0,1,11,0,0,1,0,0,0,0,0,0,0,0,0,0,0,0,0,0,0,0,0,0,0,0,0,0,0,0,0,8,1,0,0,0,0,0,0,0,0,0,0,0,0,0,0,0,8,0,36.8898,0.4786,463.21106,0.21513,0.506,0.506,13.25024,6.50391,25.0946,0.77921,0.52015
IL MOTIOK 3,Pastoral,23,0,1,0,0,0,0,0,0,0,0,0,0,0,0,0,0,0,0,0,0,0,0,0,0,0,0,0,0,0,0,0,0,0,0,0,0,1,0,0,0,0,0,0,0,0,0,0,0,0,0,0,0,0,0,0,0,2,0,1,0,0,0,0,0,0,0,0,0,1,17,0,0,0,0,0,0,0,0,0,8,0,0,0,0,1,0,0,0,2,12,0,0,0,0,0,0,1,0,0,0,9,0,0,0,0,0,0,0,0,0,0,0,0,0,0,0,0,0,0,0,0,0,0,0,0,0,0,0,0,0,8,0,0,0,0,0,0,3,0,0,0,0,0,0,0,0,1,0,36.89224,0.47966,463.21106,0.30737,0.598,0.496,13.63037,6.55309,20.14514,0.76241,0.65078
SESSIONS 3,Agriculture,22,0,0,0,2,0,0,0,0,0,0,0,0,0,0,8,0,0,0,3,0,0,0,0,0,0,0,0,0,0,0,0,0,0,0,0,0,0,0,0,0,0,0,0,0,0,0,0,0,0,0,0,0,0,0,0,0,0,0,0,0,0,0,2,0,0,0,0,0,0,21,0,0,84,0,0,0,0,0,0,0,0,0,82,0,0,0,0,0,0,0,0,0,0,29,0,0,0,0,0,9,1,0,0,0,0,0,0,0,0,0,0,0,0,0,0,0,0,0,0,0,0,0,0,0,0,0,0,0,0,0,0,0,0,0,0,0,0,0,0,0,0,0,0,0,0,0,0,0,36.88395,0.05205,701.2533,0.45315,0.632,0.514,13.46472,6.20293,25.78151,0.67139,0.7875
OL PEJETA 5,Conserved,22,0,2,1,0,0,0,3,0,0,0,0,0,0,0,0,0,0,0,0,0,0,0,0,0,42,0,0,0,2,0,0,0,0,0,0,0,7,0,0,0,0,0,0,0,0,0,0,2,0,0,0,0,0,0,0,0,0,0,0,0,0,0,0,0,0,0,0,0,0,1,0,0,0,0,0,0,0,0,0,1,0,0,0,0,0,0,0,0,60,144,0,0,0,1,24,0,0,0,109,0,0,0,0,0,0,1,0,0,0,4,0,0,0,0,0,1,0,0,0,2,0,4,0,3,0,0,1,0,0,0,0,2,0,0,0,0,0,0,0,0,0,0,0,0,0,0,0,0,36.8838,0.05149,701.2533,0.4644,0.552,0.502,13.6874,6.09101,33.18794,0.73158,0.52896
PYRAMID 1,Conserved,21,0,2,0,0,0,0,0,0,0,1,0,0,0,1,38,0,0,0,0,0,0,0,0,0,0,0,0,17,13,26,1,0,0,0,0,0,0,0,5,0,0,0,0,0,0,0,0,0,0,0,0,3,0,0,0,0,12,0,0,0,0,0,0,0,0,0,0,0,0,10,0,0,1,0,0,0,15,0,0,9,0,0,0,0,9,0,1,0,0,54,0,0,0,0,0,0,0,0,0,2,5,0,0,0,0,0,0,0,0,0,1,1,0,0,0,4,2,0,0,0,0,0,0,0,0,0,0,0,0,21,0,0,0,0,0,0,0,0,0,0,0,0,0,0,0,0,0,0,37.08047,0.33133,504.73639,0.51688,0.44,0.392,16.18226,6.22069,14.90136,-0.71533,-0.21294
ILPOLEI 1,Pastoral,21,0,0,0,0,0,0,0,0,0,1,4,0,1,1,2,0,0,0,0,0,0,0,0,0,0,0,0,2,0,0,0,0,0,0,0,0,0,0,1,0,0,0,0,0,0,0,0,0,0,0,0,3,0,0,1,0,1,0,13,0,0,0,0,1,0,0,0,0,5,9,0,0,0,0,0,0,0,0,0,38,0,0,0,0,1,0,1,0,1,0,0,0,0,0,0,0,0,0,0,15,0,0,0,0,0,0,0,0,0,0,0,0,0,4,0,1,0,0,0,0,0,0,0,0,0,0,0,0,0,2,0,0,1,0,5,0,0,0,0,0,1,0,0,0,0,0,0,0,37.0715,0.37622,448.90045,0.16762,0.802,0.394,6.03537,6.27179,35.85584,2.2845,-0.10183
PYRAMID 2,Conserved,20,0,1,0,0,0,0,0,0,0,0,3,0,0,1,1,0,0,0,0,2,0,0,0,0,1,0,0,0,9,3,1,0,4,0,0,0,0,0,0,0,0,0,0,0,0,0,0,0,0,0,0,2,0,0,0,0,9,0,0,0,0,0,0,0,0,1,0,0,10,4,0,0,0,0,0,0,1,0,0,48,0,0,0,0,23,0,0,0,0,22,0,0,0,0,0,0,0,0,0,0,7,0,0,0,0,0,0,0,0,0,4,0,0,2,0,0,0,0,0,0,0,0,0,0,0,0,0,0,0,24,0,0,0,0,0,0,0,0,0,0,1,0,0,0,0,0,0,0,37.07085,0.35047,476.7182,0.35963,0.692,0.406,15.74657,6.32782,18.9225,0.41583,0.26398
ILPOLEI 2,Pastoral,20,0,0,0,0,0,0,0,0,0,0,4,0,0,0,5,0,0,0,0,2,0,0,0,0,0,0,0,7,0,0,0,0,0,0,0,0,0,0,1,0,0,0,0,0,0,0,0,0,0,0,0,0,0,0,1,0,0,0,10,0,0,0,0,5,0,0,0,0,10,0,0,0,0,0,0,0,0,0,0,39,0,0,0,0,35,0,1,0,0,2,0,0,0,0,0,0,0,0,0,36,1,0,1,0,0,0,0,0,0,0,0,0,0,4,0,0,0,0,0,0,0,0,0,0,0,0,0,0,0,0,12,0,3,0,6,0,0,0,0,0,0,0,0,0,0,0,0,0,37.09278,0.36602,473.50259,0.28112,0.92,0.532,6.29126,6.36317,33.95766,2.66003,1.0797
SEGERA 5,Conserved,19,0,0,0,0,2,0,3,0,0,0,2,0,0,0,1,0,0,0,0,0,0,0,0,0,7,0,0,0,0,0,0,0,0,1,0,0,2,0,0,0,0,0,1,0,0,0,0,0,2,0,0,2,0,0,0,0,0,0,5,0,0,0,0,0,0,0,0,0,1,10,0,0,0,0,0,0,0,0,0,4,0,0,0,0,3,0,0,0,48,124,2,0,0,0,0,0,0,4,196,0,0,0,0,0,0,0,0,0,0,3,1,0,6,8,0,0,0,0,0,4,0,0,0,0,0,0,0,0,0,0,0,0,0,0,0,0,0,0,0,0,0,0,0,0,0,0,0,0,36.85928,0.15336,657.73395,0.52666,0.36,0.396,13.89328,6.27458,29.3512,0.21465,-0.49661
JERUSALEM 2,Pastoral,19,0,0,1,0,0,0,0,0,0,0,0,0,0,0,0,0,0,0,0,0,1,0,0,0,0,0,0,0,0,0,0,0,0,0,0,0,0,0,1,0,0,0,0,0,0,0,0,0,0,0,0,1,0,0,0,0,0,0,0,0,0,0,0,0,0,0,0,0,0,31,0,0,0,0,0,0,0,0,0,16,0,0,0,0,15,0,0,0,3,97,0,0,0,1,0,0,0,0,48,0,0,0,0,0,0,0,1,0,0,0,0,0,0,0,0,0,0,0,1,1,0,0,0,3,0,0,0,0,0,0,0,1,0,0,0,0,0,0,0,0,0,0,0,0,0,0,0,0,36.85912,0.15229,657.73395,0.28864,0.466,0.328,11.42169,6.99327,34.48989,2.09218,-0.91236
SEGERA 4,Conserved,18,0,0,1,0,0,0,5,0,1,0,0,0,0,0,10,0,0,0,0,0,0,0,0,0,0,0,4,0,1,0,0,0,0,0,0,0,2,0,0,0,0,0,1,0,0,0,0,1,0,0,0,0,0,0,0,0,0,0,1,0,0,0,0,0,0,0,0,0,0,82,0,0,0,0,0,0,0,0,0,1,0,0,0,0,3,0,0,0,9,140,0,0,0,18,0,0,0,1,19,0,0,0,0,2,0,0,3,0,0,0,1,0,4,2,1,0,1,0,0,1,0,1,0,4,0,0,0,0,0,0,0,1,0,0,0,0,0,0,0,1,0,0,0,4,0,0,0,0,36.87494,0.1538,656.30627,0.57641,0.294,0.43,20.73727,6.29855,19.87782,-0.93059,-0.05776
JERUSALEM 1,Pastoral,18,0,0,1,0,0,0,0,0,0,0,0,0,0,0,1,0,0,0,0,0,0,0,0,0,0,0,0,0,0,0,0,0,0,0,0,0,1,0,0,0,0,0,1,0,0,0,0,0,0,0,0,0,0,0,0,0,0,0,0,0,0,0,0,0,0,0,0,0,0,35,0,0,0,0,0,0,0,0,0,45,0,0,0,1,5,0,0,0,74,89,0,0,0,1,0,0,0,0,48,0,5,0,0,0,0,0,1,0,0,1,1,0,0,4,0,0,0,0,1,3,0,0,0,0,0,0,0,0,0,0,0,0,0,0,0,0,0,0,0,0,0,0,0,3,0,0,0,0,36.8749,0.15284,656.30627,0.41964,0.594,0.382,10.74485,6.2322,31.7108,1.11009,-0.33409
MPALA 3,Conserved,17,0,0,0,0,0,0,0,0,0,0,1,0,0,0,2,0,0,0,0,3,0,0,0,0,0,0,0,0,0,0,0,0,0,0,0,0,0,0,0,0,0,0,0,0,0,0,0,0,0,0,0,0,0,0,0,0,3,0,5,0,0,0,1,1,0,2,0,0,5,3,1,0,0,0,3,3,1,0,0,68,0,0,0,0,4,0,4,0,1,6,0,0,0,0,0,0,0,0,0,36,19,0,1,1,0,0,0,0,0,0,0,0,0,6,0,0,0,0,0,0,0,0,0,0,0,0,0,0,0,10,0,0,1,0,0,0,0,0,0,0,0,0,0,0,0,0,0,0,36.89874,0.42489,482.60632,0.21037,0.594,0.566,8.21595,6.50079,36.14193,2.04036,0.82917
IL MOTIOK 2a,Pastoral,17,0,0,0,0,0,0,0,0,0,0,0,0,2,0,1,0,0,0,0,1,0,0,0,0,0,0,0,3,0,0,0,0,0,0,0,0,0,0,0,0,0,0,0,0,0,0,0,0,0,0,0,3,0,0,0,0,1,0,16,0,0,0,1,0,0,0,0,0,6,0,0,0,0,0,0,7,1,0,0,22,0,0,0,0,6,0,0,0,0,4,0,0,0,0,0,0,0,0,0,26,0,0,0,1,0,0,0,0,0,0,0,1,1,6,0,0,0,0,0,0,0,0,0,0,0,0,0,0,0,0,18,0,0,0,0,0,0,1,0,0,0,0,0,0,0,0,0,0,36.9165,0.4422,468.72931,0.00107,0.454,0.57,7.82744,6.73753,42.9706,2.50065,0.56597
MPALA 2,Conserved,16,0,3,0,0,0,0,0,0,0,0,0,0,0,1,0,0,0,0,0,11,0,0,0,0,0,0,0,3,2,0,0,0,3,0,0,0,0,0,0,0,0,0,0,0,0,0,0,0,0,0,0,4,0,0,0,0,17,0,8,0,0,0,30,11,0,1,0,0,1,13,0,0,0,0,11,2,0,0,0,42,0,0,0,0,2,0,6,5,0,21,0,0,0,0,0,0,0,0,0,13,11,0,4,0,0,0,0,0,0,0,0,0,2,3,0,0,1,0,1,0,0,0,0,0,0,0,0,0,0,15,2,0,0,0,2,0,0,0,0,0,0,0,0,0,0,0,0,0,36.89797,0.43059,480.03909,0.37988,0.408,0.324,15.71919,6.34283,22.27768,-0.13549,-0.80484
IL MOTIOK 1a,Pastoral,16,0,0,0,0,0,0,0,0,0,0,0,0,0,0,1,0,0,0,0,0,0,0,0,0,0,0,0,6,0,0,2,0,0,0,0,0,0,0,0,0,0,0,0,0,0,0,0,0,0,0,0,4,0,0,0,0,1,0,4,0,0,0,2,0,0,1,0,0,0,3,0,0,0,0,0,2,0,0,0,14,0,0,0,0,4,0,0,0,0,2,0,0,0,0,0,0,0,0,0,7,5,0,0,1,0,0,0,0,0,0,0,0,0,3,0,0,0,0,0,0,0,0,0,0,0,0,0,0,0,3,6,0,0,0,2,0,0,0,0,0,0,0,0,0,0,0,0,0,36.91154,0.44515,470.82285,0.22111,0.83,0.53,8.09585,6.36406,29.17636,2.00633,1.01268
OLJOGI 4,Conserved,15,0,2,0,0,0,0,0,0,0,0,0,0,0,0,9,1,0,0,0,13,0,0,0,0,0,0,0,10,12,1,0,0,0,0,0,0,0,0,1,0,0,0,0,0,0,0,0,0,0,0,0,2,0,0,0,0,0,0,1,0,0,2,1,0,0,0,0,0,13,45,2,0,5,0,0,4,0,0,0,7,0,0,0,0,1,0,0,1,5,18,0,0,0,0,0,0,0,0,18,1,4,0,0,1,0,0,0,0,0,0,1,0,1,8,0,0,0,0,2,0,0,0,0,0,0,0,0,0,0,3,0,0,0,0,0,0,0,0,0,0,0,0,0,0,0,0,0,0,36.92617,0.32615,532.90753,0.50488,0.592,0.452,19.46076,6.4788,20.67426,0.28946,0.54277
LEKIJI 3,Pastoral,15,0,0,0,0,0,0,0,0,0,0,0,0,2,0,0,0,0,0,0,0,0,0,0,0,0,0,0,2,1,0,0,0,0,0,0,0,0,0,0,0,0,0,0,0,0,0,0,0,0,0,0,0,0,0,0,0,2,0,0,0,0,0,0,0,0,0,0,0,7,1,1,0,1,0,0,1,0,0,0,17,0,0,0,0,7,0,0,0,7,4,0,0,0,0,0,0,0,0,0,3,5,0,0,0,0,0,0,0,0,0,1,0,1,4,0,0,0,0,0,0,0,0,0,0,0,0,0,0,0,0,0,0,5,0,5,0,0,0,0,0,0,0,0,0,0,0,0,0,36.92455,0.32655,527.88409,0.31713,0.596,0.54,8.49224,6.2327,32.63112,1.37047,0.68246
OLJOGI 3,Conserved,14,0,0,0,0,0,0,0,0,0,0,0,0,0,0,12,0,0,0,0,4,0,0,0,0,1,0,0,9,10,1,0,0,0,0,0,0,0,4,0,0,5,0,0,0,0,0,0,0,0,0,0,3,0,0,0,0,0,0,32,0,0,0,18,12,0,1,0,0,36,2,5,0,2,0,3,1,2,0,4,20,0,0,0,0,17,0,1,2,1,10,0,0,0,0,0,0,0,6,0,8,9,0,0,2,0,0,0,0,0,0,1,1,4,13,0,0,0,0,7,0,0,0,0,0,0,0,0,0,0,3,0,0,3,0,1,0,0,0,0,0,1,0,0,0,0,0,0,0,36.92742,0.3544,510.36313,0.41014,0.648,0.512,11.6644,6.05372,25.17851,0.54809,0.73747
LEKIJI 2,Pastoral,14,0,0,0,1,0,0,0,0,0,0,0,0,0,1,3,0,0,0,0,0,0,0,0,0,1,0,0,2,1,3,1,0,0,0,0,0,0,0,5,0,0,0,0,0,0,0,0,0,0,0,0,0,0,0,0,0,0,0,2,0,0,0,2,1,0,0,0,0,1,2,0,0,0,0,1,0,0,0,0,12,0,0,0,0,3,0,0,0,0,0,0,0,0,0,0,0,0,0,0,4,0,0,0,0,0,0,0,0,0,0,0,0,0,1,0,0,0,0,1,0,0,0,0,0,0,0,0,0,0,5,0,0,5,0,0,0,0,0,0,0,0,0,0,0,0,0,0,0,36.92705,0.35128,510.36313,0.2746,0.992,0.572,6.62976,6.63899,38.71459,3.58679,1.4619
MPALA 1,Conserved,13,0,0,0,0,0,0,0,0,0,0,2,0,0,0,16,0,0,0,0,0,0,0,0,0,0,0,0,13,7,1,1,0,0,0,0,0,0,1,0,0,0,0,0,0,0,0,0,0,0,1,0,0,0,0,0,0,0,0,9,0,0,0,1,7,0,10,0,0,10,20,2,0,0,0,24,1,2,0,0,11,0,0,0,0,5,0,0,1,0,44,0,0,0,0,0,0,0,3,0,14,33,0,0,7,0,0,0,0,0,0,1,0,1,2,0,0,0,0,0,0,0,0,0,0,0,0,0,0,0,21,0,0,0,0,0,0,0,0,0,0,0,0,0,0,0,0,0,0,36.91205,0.34058,521.44757,0.30788,0.402,0.502,9.85547,6.53654,31.68614,1.17715,0.1517
LEKIJI 1,Pastoral,13,0,0,0,0,0,0,0,0,0,0,0,0,0,0,1,0,0,2,0,0,0,0,0,0,0,0,0,0,0,0,0,0,0,0,0,0,0,1,0,0,0,0,0,0,0,0,0,0,0,0,0,0,0,0,0,0,1,0,10,0,0,1,0,0,0,1,0,0,34,0,1,0,0,0,3,1,0,0,0,17,0,0,0,0,0,0,2,0,0,0,0,0,0,0,0,0,0,1,0,10,0,0,0,1,0,0,0,0,0,0,0,0,1,1,0,0,0,0,0,0,0,0,0,0,0,0,0,0,0,9,0,0,0,0,0,0,0,0,0,0,0,0,0,0,0,0,0,0,36.9126,0.34031,520.45984,0.67836,0.468,0.282,28.02603,5.89973,10.43787,-2.19783,-0.47387
MPALA 4,Conserved,12,0,0,0,0,0,0,0,0,0,0,0,0,0,0,21,0,0,0,0,0,0,0,0,0,0,0,0,0,8,0,0,0,0,0,0,0,2,0,3,0,0,0,1,0,0,0,0,0,0,0,0,0,0,0,0,0,0,0,0,0,0,0,1,1,1,0,0,0,2,101,0,0,0,0,1,0,0,0,0,10,0,0,0,0,0,0,0,63,0,11,0,0,0,11,0,0,0,0,0,1,9,0,0,4,0,0,0,0,0,0,6,0,10,3,0,0,28,0,2,0,0,0,0,0,0,0,1,0,0,1,1,0,28,0,0,0,0,0,6,1,0,6,0,0,1,0,0,0,36.90624,0.33118,531.57001,0.37013,0.83,0.404,13.77848,6.30169,20.94289,0.99112,0.39524
LEKIJI 4,Pastoral,12,0,0,0,0,0,0,0,0,0,0,0,0,0,0,1,0,0,1,0,0,0,0,0,0,0,0,0,0,0,0,0,0,0,0,0,0,0,0,0,0,0,0,0,0,0,0,0,0,0,0,0,0,0,0,0,0,0,6,12,0,0,0,0,0,0,0,0,0,25,11,0,0,0,0,0,0,10,0,0,27,0,0,0,0,1,0,0,2,0,12,0,0,0,0,0,0,0,0,0,1,0,0,0,3,0,0,0,0,0,0,0,0,1,0,0,0,0,0,0,0,0,0,0,0,0,0,0,0,0,0,0,0,0,0,0,0,0,0,0,4,0,0,0,0,0,0,0,0,36.90754,0.33049,529.22913,0.48786,0.502,0.456,11.58261,6.43638,26.72853,0.84837,0.09286
SEGERA 3,Conserved,11,0,0,6,0,0,0,0,0,16,0,1,0,0,0,3,0,0,0,0,0,0,0,0,0,2,0,0,1,0,0,0,0,0,0,0,0,0,2,0,0,0,0,0,0,0,0,0,0,33,0,0,0,0,0,0,0,0,0,0,0,0,26,68,0,0,0,0,0,2,0,0,0,0,0,0,0,0,0,0,5,0,0,0,84,9,0,0,0,89,8,0,0,0,25,0,0,0,0,41,0,2,0,0,0,0,0,0,0,0,2,0,2,0,12,0,0,0,0,0,0,0,0,0,0,0,0,0,0,0,1,0,4,0,0,0,0,0,0,0,0,0,0,0,0,0,0,0,0,36.7529,0.36852,579.18359,-0.23252,0.418,0.416,15.98227,6.40751,14.23487,-0.49855,-0.08396
KARASHIRA 1,Pastoral,11,0,0,0,0,0,0,0,0,0,0,11,0,0,0,1,0,0,1,0,0,0,0,0,0,0,0,0,2,0,0,0,0,0,0,0,0,0,0,0,0,0,0,3,0,0,0,0,0,0,0,0,0,0,0,0,0,0,0,0,0,0,0,0,0,0,0,0,0,2,69,0,0,0,0,0,0,0,0,0,20,0,0,0,0,28,0,0,0,8,10,0,0,0,0,0,0,0,0,6,1,0,0,0,0,0,0,0,0,0,0,0,0,0,1,0,0,0,0,0,0,0,0,0,0,0,0,0,0,0,0,0,0,0,0,0,0,0,0,0,0,0,0,0,0,0,0,0,0,36.75258,0.37059,579.18359,-0.09352,0.474,0.568,11.80348,6.94311,29.04383,1.75334,0.82337
MPALA 6,Conserved,10,0,2,0,0,0,0,0,0,0,0,9,0,0,0,3,0,0,0,0,0,0,0,0,0,0,0,0,1,2,0,0,0,0,0,0,0,0,0,0,0,0,0,4,0,0,0,0,0,0,0,0,0,0,0,0,0,0,0,2,0,0,0,3,0,0,0,0,0,23,17,0,0,1,0,0,0,0,0,0,40,0,0,0,0,16,0,0,0,0,4,0,0,0,0,0,0,0,1,0,0,2,0,0,1,0,0,0,0,0,0,0,4,5,10,0,0,0,0,4,0,0,0,0,0,0,0,0,0,0,67,0,0,0,0,0,0,0,0,0,0,0,0,0,0,0,0,0,0,36.881,0.49373,460.16473,0.24038,0.682,0.566,9.42636,6.60344,25.91464,1.71584,1.08815
KOIJA 2,Pastoral,10,0,0,0,0,0,0,0,0,0,0,4,0,0,0,1,0,0,0,0,0,0,0,0,0,0,0,4,0,0,0,0,0,0,0,0,0,3,0,0,0,0,0,0,0,0,0,0,0,0,0,0,0,0,0,0,0,0,0,3,0,0,0,0,0,0,0,0,0,28,1,0,0,0,0,0,0,0,0,0,18,0,0,0,0,3,0,0,0,0,4,0,0,0,0,0,0,0,0,0,0,0,0,0,1,0,0,0,0,0,0,0,0,0,1,0,0,0,0,2,0,0,0,0,0,0,0,0,0,0,8,3,0,5,0,0,0,0,0,0,0,0,0,0,0,0,0,0,0,36.88382,0.49706,457.96246,0.15812,0.772,0.622,9.18,6.35941,32.74868,2.03816,1.57324
KOIJA 1,Agriculture,9,0,0,0,0,1,0,0,0,0,0,1,0,0,0,0,0,0,0,0,0,0,0,0,0,0,0,0,0,0,0,0,0,0,0,0,0,0,0,0,0,0,0,0,0,0,0,0,0,0,0,0,0,0,0,0,0,0,0,0,0,0,0,0,0,0,0,0,0,34,2,0,0,0,0,0,0,0,0,0,9,0,0,0,0,0,0,0,0,0,1,0,0,0,0,0,0,0,0,0,0,10,0,0,0,0,0,0,0,0,0,0,0,1,0,0,0,0,0,5,0,0,0,0,0,0,0,0,0,0,22,4,0,0,0,0,0,0,0,0,0,0,0,0,0,0,0,0,0,36.88673,0.49043,460.6232,0.23137,0.584,0.538,13.77663,6.45712,28.19097,1.08959,0.87204
MPALA 5,Conserved,9,0,0,0,0,0,0,0,0,0,0,5,0,0,0,3,0,0,1,0,0,0,0,0,0,1,0,0,0,0,0,0,2,0,0,0,0,1,0,0,0,0,0,0,0,0,0,0,0,0,0,0,1,0,0,0,0,2,0,2,0,0,0,0,0,0,0,0,0,78,1,0,0,0,0,0,0,0,0,0,23,0,0,0,0,3,0,0,0,1,13,0,0,0,0,0,0,0,0,0,0,2,0,0,1,0,0,0,0,0,0,0,0,3,9,0,0,0,0,5,0,0,0,0,0,0,0,2,0,0,27,0,0,1,0,1,0,0,0,0,0,0,0,0,0,0,0,0,0,36.88209,0.48598,462.40286,0.27513,0.512,0.402,11.8527,6.5517,28.13425,1.11117,-0.26542
NAROK 4,Agriculture,8,0,0,0,0,0,0,0,0,0,0,0,3,0,0,10,0,0,0,0,0,0,0,0,5,0,0,0,0,0,0,0,0,0,0,0,0,0,0,0,0,0,0,0,0,1,0,0,0,0,0,0,0,0,0,0,0,0,0,0,0,0,0,1,0,0,0,0,0,1,8,0,0,0,0,0,0,0,0,0,0,0,0,0,0,0,0,0,14,0,0,0,0,1,2,0,0,0,0,0,0,1,2,0,0,0,0,0,0,0,0,0,0,0,0,0,0,0,0,0,0,0,0,0,0,0,0,0,1,0,1,0,0,0,0,0,0,0,0,0,0,0,0,0,0,0,0,0,0,36.64525,0.36716,634.25378,0.5549,0.382,0.178,21.7354,5.9937,10.28924,-1.94192,-1.57037
OLMAISOR 4,Conserved,8,0,0,1,0,0,0,0,0,1,0,3,0,0,0,0,0,0,0,0,0,0,0,0,0,0,0,0,0,0,0,0,0,0,0,1,0,1,1,1,0,0,0,3,0,0,0,0,1,3,0,0,0,0,0,0,0,0,0,3,0,0,1,7,0,0,0,0,0,1,5,0,0,0,0,15,0,0,12,0,11,0,0,0,1,3,0,0,1,15,2,0,0,14,1,0,0,0,0,37,0,1,0,0,0,0,0,0,0,0,3,0,0,0,4,0,0,0,0,4,0,0,0,0,0,0,0,0,0,0,0,0,1,0,0,1,0,0,0,0,0,0,0,0,0,0,0,0,0,36.64297,0.36822,634.25378,0.4804,0.652,0.41,15.96735,6.09683,17.10539,-0.18551,0.24339
OLMAISOR 3,Conserved,7,0,0,1,0,0,0,0,0,0,0,1,0,0,0,2,0,0,0,0,0,0,0,0,0,0,0,0,1,0,0,0,0,0,0,0,0,1,0,0,0,0,0,1,0,0,0,0,0,0,0,0,0,0,0,0,0,0,0,4,0,0,0,1,0,0,0,0,0,1,14,0,0,0,0,0,0,0,13,0,10,0,0,0,0,1,0,0,0,12,3,0,0,1,1,0,0,0,0,58,0,1,0,0,0,0,0,0,0,0,0,0,0,0,2,0,0,0,0,2,0,0,0,0,0,0,0,0,0,0,0,0,0,0,0,0,1,0,0,1,0,0,0,0,0,0,0,0,0,36.64437,0.37757,631.26355,0.5019,0.582,0.448,14.50208,6.11576,15.06261,-0.36876,0.35146
NAROK 3,Pastoral,7,0,1,2,0,0,0,0,0,0,0,0,0,0,0,1,0,0,0,0,0,0,0,0,0,0,0,0,0,3,0,0,0,0,0,0,0,0,0,0,0,0,0,1,0,0,0,0,0,0,0,0,3,0,0,0,0,0,0,0,0,0,0,2,0,0,0,0,0,0,39,0,0,0,0,0,0,0,0,0,21,0,0,0,0,2,0,0,0,13,0,0,0,0,2,0,0,0,0,3,0,0,0,0,0,0,0,0,0,0,0,0,0,1,2,0,0,0,0,6,0,0,0,0,0,0,0,0,0,0,0,0,0,0,0,3,0,0,0,0,0,0,0,0,0,0,0,0,0,36.64532,0.38025,631.26355,0.45113,0.584,0.436,11.86671,6.16158,14.05479,-0.19796,0.18193
OLMAISOR 2,Conserved,6,0,0,0,0,0,0,0,0,6,0,0,0,0,0,1,0,0,0,0,0,0,0,0,0,5,0,0,0,0,0,0,0,0,0,1,0,0,0,0,0,0,0,0,0,0,0,0,0,1,0,0,1,0,0,0,0,0,0,2,0,0,0,2,0,0,0,0,0,4,28,0,0,0,0,1,0,0,128,0,10,0,0,0,0,4,0,0,0,15,3,0,0,2,0,0,0,0,44,85,0,4,0,0,0,0,0,0,0,0,2,0,4,0,8,0,0,0,0,0,0,0,0,0,0,0,0,0,0,0,0,0,0,0,0,0,1,0,0,1,0,0,0,0,0,0,0,0,0,36.63125,0.35834,643.62201,0.4949,0.368,0.292,19.95108,5.94463,14.06362,-1.6668,-0.88927
NAROK 2,Pastoral,6,0,0,0,0,0,0,0,0,0,0,2,0,0,0,0,0,0,1,0,0,0,0,0,0,0,0,0,0,0,0,0,0,0,0,0,0,0,0,0,0,0,0,0,0,0,0,0,0,0,0,0,1,0,0,0,0,0,0,0,0,0,0,0,0,0,0,0,0,3,19,0,0,0,0,0,0,0,9,0,60,0,0,0,0,2,0,0,9,2,3,0,0,0,4,0,0,0,0,6,1,0,0,0,0,0,0,0,0,0,7,1,0,0,1,0,0,0,0,0,0,0,0,13,0,0,0,0,0,0,0,0,0,0,0,0,3,0,0,5,0,0,0,0,0,0,0,0,0,36.63018,0.35745,643.62201,0.45261,0.796,0.434,15.58302,7.32286,22.41473,2.51697,0.61113
NAROK 1,Agriculture,5,0,0,1,14,0,0,0,0,0,0,0,7,0,0,3,0,0,0,0,0,0,0,2,4,0,0,0,2,0,0,0,0,0,0,1,0,0,0,0,0,0,0,2,0,0,0,0,2,1,0,0,0,0,0,0,0,0,0,0,0,0,0,13,0,0,0,0,0,6,64,0,0,0,0,0,0,0,8,0,0,0,0,0,0,0,0,0,25,51,3,0,0,3,0,0,0,0,1,54,0,29,1,0,0,0,0,0,0,0,2,1,0,0,0,1,0,1,0,0,0,0,0,0,0,0,0,0,0,0,2,0,0,0,0,0,0,0,0,2,0,0,0,0,2,0,0,0,0,36.62852,0.35253,648.2182,0.54116,0.18,0.158,24.75512,6.06321,12.12422,-2.44714,-1.94849
OLMAISOR 1,Conserved,5,0,0,0,0,0,0,0,0,1,0,0,0,0,0,0,0,0,0,0,0,0,0,0,0,0,0,0,0,0,0,0,0,0,0,1,0,0,0,0,0,0,0,0,0,0,0,0,0,1,0,0,2,0,0,0,0,0,0,1,0,0,0,3,0,0,0,0,0,5,45,0,0,0,0,0,0,0,114,0,14,0,0,0,0,4,0,1,2,32,1,0,0,0,10,0,0,0,3,20,1,1,0,0,0,0,0,0,0,0,0,0,0,0,2,0,0,0,0,2,0,0,0,0,0,0,0,0,0,0,0,0,0,0,1,0,1,2,0,0,0,0,0,0,0,0,0,0,0,36.63293,0.35594,643.62201,0.4214,0.168,0.372,14.47866,5.97537,14.03683,-1.79073,-0.86486
SEGERA 2,Conserved,4,0,0,1,0,0,0,0,0,6,0,3,0,0,0,3,0,0,0,0,0,0,0,0,0,15,0,0,0,0,0,0,0,0,0,1,0,0,0,0,0,0,0,0,0,0,0,0,0,2,0,0,0,0,0,0,0,0,0,2,0,0,10,33,0,0,0,0,0,0,0,0,0,0,0,0,0,0,0,0,6,0,0,0,8,0,0,0,0,26,42,0,0,0,0,0,0,0,0,110,0,3,0,0,0,0,0,0,0,0,3,0,0,0,6,0,0,0,0,4,0,0,0,0,0,0,0,0,0,0,1,0,1,1,0,0,0,0,0,0,0,0,0,0,0,0,0,0,0,36.76933,0.25426,623.17383,0.4974,0.534,0.54,15.08184,6.11819,33.28219,0.6614,0.81426
THOME 2,Pastoral,4,0,0,2,0,0,0,0,0,3,0,0,0,0,0,0,0,0,0,0,0,0,0,0,0,0,0,0,0,0,0,0,0,1,0,0,0,0,0,0,0,0,0,0,0,0,0,0,0,0,0,0,0,0,0,0,0,0,0,0,0,0,0,6,0,0,0,0,0,0,2,0,0,0,0,0,0,0,0,0,26,0,0,0,17,1,0,0,1,49,22,0,0,0,0,0,0,0,0,41,0,0,0,0,0,0,0,0,0,0,0,0,0,0,0,0,0,0,0,0,0,0,0,0,0,0,0,0,0,0,1,0,2,0,0,0,0,0,0,0,0,0,0,0,0,0,0,0,0,36.76831,0.25375,623.17383,0.49664,0.548,0.45,20.6075,6.24497,31.51289,0.41726,0.42438
SEGERA 1,Conserved,3,0,0,0,0,0,0,0,0,0,0,0,0,0,0,0,0,0,0,0,0,0,0,0,0,3,0,0,0,0,0,0,0,0,0,0,0,1,0,0,0,0,0,0,0,0,0,0,0,1,0,0,0,0,0,0,0,0,0,11,0,0,0,5,0,0,0,0,0,0,1,0,0,0,0,0,0,0,0,0,37,0,0,0,0,54,0,0,0,13,52,0,0,0,0,0,0,0,0,114,0,3,0,0,0,0,0,0,0,0,1,0,0,2,9,0,0,0,0,6,0,0,0,0,0,0,0,0,0,0,0,0,4,0,0,0,0,0,0,0,0,0,0,0,0,0,0,0,0,36.7641,0.26004,622.00671,0.42915,0.378,0.18,10.81147,6.01665,35.64337,0.36099,-2.12791
THOME 1,Pastoral,3,0,0,2,0,0,0,0,0,1,0,0,0,0,0,3,0,0,0,0,0,0,0,0,0,0,0,0,0,0,0,0,0,0,0,0,0,0,0,0,0,0,0,0,0,0,0,0,0,0,0,0,0,0,0,0,0,0,0,4,0,0,0,18,0,0,0,0,0,0,5,0,0,0,0,0,0,0,0,0,37,0,0,0,10,1,0,0,0,27,7,0,0,0,0,0,0,0,0,29,2,0,0,0,0,0,0,0,0,0,0,0,0,0,1,0,0,0,0,0,0,0,0,0,0,0,0,0,0,0,0,0,4,1,0,0,0,0,0,0,0,0,0,0,0,0,0,0,0,36.7633,0.25917,622.00671,0.42964,0.596,0.49,15.44313,6.30716,28.27244,0.76908,0.61666
SESSIONS 2,Agriculture,2,0,0,0,1,0,0,0,0,0,0,0,0,0,0,0,0,0,0,1,0,0,0,0,0,0,0,0,0,0,0,0,0,0,0,0,0,0,0,0,0,0,0,0,0,0,0,0,0,0,0,0,0,0,0,0,0,0,0,0,0,0,0,33,0,0,0,0,0,0,0,0,0,2,0,0,0,0,0,0,0,0,0,96,0,0,0,0,0,0,0,0,0,0,42,0,0,0,0,0,0,0,0,0,0,0,0,0,0,0,0,0,0,0,0,0,0,0,0,0,0,0,0,0,0,0,0,0,0,0,0,0,0,0,0,0,0,0,0,0,0,0,0,0,0,0,0,0,0,36.86673,0.09352,680.57861,0.4944,0.17,0.44,13.5012,6.06781,30.70141,-0.4962,-0.53184
OL PEJETA 2,Conserved,2,0,1,0,1,0,0,7,0,0,0,0,1,0,0,12,0,0,0,0,0,0,0,0,0,0,0,0,0,0,0,0,0,0,0,1,0,3,0,0,0,0,0,1,0,0,0,0,1,0,0,0,5,0,0,1,0,0,0,0,0,0,1,0,0,0,0,0,0,0,76,0,0,2,0,0,0,0,0,0,2,0,0,0,0,0,0,0,0,16,116,0,0,0,28,0,0,2,1,73,0,12,0,0,0,0,0,0,0,1,0,1,0,0,1,0,0,0,0,0,0,0,0,0,0,0,0,0,0,0,0,0,1,0,0,0,0,0,0,0,0,0,0,0,6,0,0,0,0,36.86654,0.09295,683.0481,0.46241,0.464,0.428,14.32492,6.09905,34.54314,0.52879,-0.11944
SESSIONS 1,Agriculture,1,0,0,0,0,0,0,0,0,0,0,0,0,0,0,6,0,0,0,6,0,0,0,0,0,0,0,0,0,0,0,0,0,0,0,0,0,0,0,0,0,0,0,0,0,0,0,0,0,0,0,0,0,0,0,0,0,0,0,0,0,0,0,0,0,0,0,0,0,0,0,0,0,0,0,0,0,0,0,0,0,0,0,100,0,0,0,0,0,0,0,0,0,0,4,0,0,0,0,0,0,16,0,0,0,0,0,0,0,0,0,0,0,0,0,0,0,0,0,0,0,0,0,0,0,0,0,0,0,0,0,0,1,0,0,0,0,0,0,0,0,0,0,0,0,0,0,0,0,36.90278,0.05668,698.63745,0.57265,0.356,0.484,22.17626,6.0914,20.90432,-1.09681,0.46651
OL PEJETA 1,Conserved,1,0,0,0,0,0,0,4,0,0,0,4,0,0,0,0,0,0,0,0,0,0,0,0,0,20,0,0,0,2,0,0,0,6,0,0,0,0,0,0,0,0,0,6,0,0,0,0,4,0,0,0,2,0,0,0,1,0,6,2,0,0,0,0,0,0,0,0,0,0,0,0,0,0,4,2,0,0,0,0,6,0,0,0,0,2,0,0,0,22,30,0,0,0,2,0,0,0,0,314,0,0,0,0,0,0,0,4,0,0,0,0,0,4,6,0,0,0,0,0,2,0,0,0,2,0,0,4,0,0,0,0,2,0,0,0,0,0,0,0,0,0,0,0,0,0,0,0,0,36.90285,0.05558,698.63745,0.62964,0.498,0.624,24.28836,6.04348,15.29166,-1.22682,1.79316
